Tipo,ID,Epica,Requisito original,Validacion funcional,Entrega / fase,Evidencia de implementacion,Decision / observaciones
HU,HU-MES-01,EP-01,"Como personal de atención, quiero visualizar todas las mesas y su estado para identificar rápidamente cuáles están disponibles.",Pendiente de validar,Sin asignar,Sin verificar,
HU,HU-MES-02,EP-01,"Como personal de atención, quiero asignar una mesa a un grupo indicando el número de comensales.",Pendiente de validar,Sin asignar,Sin verificar,
HU,HU-MES-03,EP-01,"Como personal de atención, quiero unir o separar mesas cuando la capacidad de una sola mesa no sea suficiente.",Pendiente de validar,Sin asignar,Sin verificar,
HU,HU-MES-04,EP-01,"Como personal de atención, quiero conocer la capacidad estándar y máxima de cada mesa.",Pendiente de validar,Sin asignar,Sin verificar,
HU,HU-MES-05,EP-01,"Como personal de atención, quiero trasladar una cuenta o pedido de una mesa a otra.",Pendiente de validar,Sin asignar,Sin verificar,
HU,HU-MES-06,EP-01,"Como personal de atención, quiero conocer el tiempo transcurrido desde que una mesa fue ocupada.",Pendiente de validar,Sin asignar,Sin verificar,
HU,HU-MES-07,EP-01,"Como sistema, quiero registrar quién abrió inicialmente una mesa y quién figura como responsable operativo actual.",Pendiente de validar,Sin asignar,Sin verificar,
HU,HU-MES-08,EP-01,"Como sistema, quiero conservar el historial de usuarios que agregaron, modificaron o cobraron productos asociados a una mesa.",Pendiente de validar,Sin asignar,Sin verificar,
HU,HU-MES-09,EP-01,"Como personal de atención, quiero marcar una mesa como libre, ocupada, reservada, en preparación o fuera de servicio.",Pendiente de validar,Sin asignar,Sin verificar,
HU,HU-MES-10,EP-01,"Como personal autorizado, quiero forzar un cambio de estado de mesa cuando exista una situación excepcional.",Pendiente de validar,Sin asignar,Sin verificar,
HU,HU-MES-11,EP-01,"Como personal de atención, quiero consultar si una mesa tiene una reservación próxima antes de asignarla.",Pendiente de validar,Sin asignar,Sin verificar,
HU,HU-MES-12,EP-01,"Como sistema, quiero impedir liberar una mesa mientras existan cuentas con saldo pendiente, salvo autorización especial.",Pendiente de validar,Sin asignar,Sin verificar,
HU,HU-RES-01,EP-02,"Como cliente, quiero solicitar una reservación indicando fecha, hora y número de comensales.",Pendiente de validar,Sin asignar,Sin verificar,
HU,HU-RES-02,EP-02,"Como personal de atención, quiero registrar manualmente una reservación recibida por WhatsApp, Instagram, chat interno u otro canal.",Pendiente de validar,Sin asignar,Sin verificar,
HU,HU-RES-03,EP-02,"Como cliente, quiero reservar con varios días de anticipación.",Pendiente de validar,Sin asignar,Sin verificar,
HU,HU-RES-04,EP-02,"Como personal de atención, quiero consultar una agenda diaria, semanal y mensual de reservaciones.",Pendiente de validar,Sin asignar,Sin verificar,
HU,HU-RES-05,EP-02,"Como sistema, quiero sugerir una combinación de mesas según la cantidad de comensales.",Pendiente de validar,Sin asignar,Sin verificar,
HU,HU-RES-06,EP-02,"Como personal de atención, quiero modificar manualmente la asignación sugerida por el sistema.",Pendiente de validar,Sin asignar,Sin verificar,
HU,HU-RES-07,EP-02,"Como cliente, quiero realizar una preorden asociada a mi reservación.",Pendiente de validar,Sin asignar,Sin verificar,
HU,HU-RES-08,EP-02,"Como cliente, quiero reservar sin preorden, aceptando el tiempo de espera normal al llegar.",Pendiente de validar,Sin asignar,Sin verificar,
HU,HU-RES-09,EP-02,"Como sistema, quiero informar que una reservación sin preorden está sujeta a la carga de cocina al momento del servicio.",Pendiente de validar,Sin asignar,Sin verificar,
HU,HU-RES-10,EP-02,"Como sistema, quiero manejar una tolerancia configurable posterior a la hora acordada.",Pendiente de validar,Sin asignar,Sin verificar,
HU,HU-RES-11,EP-02,"Como sistema, quiero liberar las mesas reservadas al superar la tolerancia sin eliminar el registro de la reservación.",Pendiente de validar,Sin asignar,Sin verificar,
HU,HU-RES-12,EP-02,"Como personal de atención, quiero conservar una reservación retrasada para atender al cliente si posteriormente llega y existe disponibilidad.",Pendiente de validar,Sin asignar,Sin verificar,
HU,HU-RES-13,EP-02,"Como personal de atención, quiero registrar solicitudes especiales como decoración, cumpleaños o eventos.",Pendiente de validar,Sin asignar,Sin verificar,
HU,HU-RES-14,EP-02,"Como sistema, quiero mostrar la política aplicable a decoraciones cuando el cliente indique que desea decorar.",Pendiente de validar,Sin asignar,Sin verificar,
HU,HU-RES-15,EP-02,"Como personal de atención, quiero visualizar cuándo debe prepararse físicamente una mesa reservada.",Pendiente de validar,Sin asignar,Sin verificar,
HU,HU-RES-16,EP-02,"Como sistema, quiero impedir reservaciones posteriores al último horario válido de ingreso y proponer la última hora permitida.",Pendiente de validar,Sin asignar,Sin verificar,
HU,HU-RES-17,EP-02,"Como sistema, quiero exigir preorden completa cuando una reservación tardía se encuentre bajo reglas que así lo requieran.",Pendiente de validar,Sin asignar,Sin verificar,
HU,HU-RES-18,EP-02,"Como sistema, quiero evaluar carga, tamaño del pedido y tiempo restante antes de recomendar aceptar una reservación cercana al cierre.",Pendiente de validar,Sin asignar,Sin verificar,
HU,HU-RES-19,EP-02,"Como encargado, quiero aceptar o rechazar una reservación tardía basándome en la recomendación del sistema.",Pendiente de validar,Sin asignar,Sin verificar,
HU,HU-RES-20,EP-02,"Como reservante, quiero indicar una hora de llegada y una hora objetivo de servicio cuando sean distintas.",Pendiente de validar,Sin asignar,Sin verificar,
HU,HU-RES-21,EP-02,"Como personal de atención, quiero programar el envío de una preorden a cocina según la hora objetivo de servicio.",Pendiente de validar,Sin asignar,Sin verificar,
HU,HU-RES-22,EP-02,"Como cliente, quiero ser informado si llego con más personas de las reservadas y los pedidos adicionales tendrán un tiempo distinto.",Pendiente de validar,Sin asignar,Sin verificar,
HU,HU-RES-23,EP-02,"Como personal de atención, quiero modificar la cantidad de comensales cuando la capacidad real del restaurante lo permita.",Pendiente de validar,Sin asignar,Sin verificar,
HU,HU-RES-24,EP-02,"Como sistema, quiero restringir cambios de preorden cercanos a la hora reservada cuando ya no puedan completarse en el tiempo previsto.",Pendiente de validar,Sin asignar,Sin verificar,
HU,HU-RES-25,EP-02,"Como sistema, quiero impedir modificaciones directas del cliente una vez alcanzada la hora acordada, manteniendo la posibilidad de modificación por personal autorizado.",Pendiente de validar,Sin asignar,Sin verificar,
HU,HU-PED-01,EP-03,"Como personal de atención, quiero crear pedidos para consumo en local, recoger, domicilio o preorden de reservación.",Pendiente de validar,Sin asignar,Sin verificar,
HU,HU-PED-02,EP-03,"Como personal de atención, quiero agregar platillos, cantidades, extras, modificadores y observaciones.",Pendiente de validar,Sin asignar,Sin verificar,
HU,HU-PED-03,EP-03,"Como cliente, quiero realizar un pedido desde los canales digitales habilitados.",Pendiente de validar,Sin asignar,Sin verificar,
HU,HU-PED-04,EP-03,"Como sistema, quiero diferenciar el tipo de pedido y aplicar reglas específicas según local, recoger, delivery o reservación.",Pendiente de validar,Sin asignar,Sin verificar,
HU,HU-PED-05,EP-03,"Como personal autorizado, quiero editar un pedido antes o después de comandarlo cuando la operación real lo permita.",Pendiente de validar,Sin asignar,Sin verificar,
HU,HU-PED-06,EP-03,"Como sistema, quiero conservar el historial completo de modificaciones.",Pendiente de validar,Sin asignar,Sin verificar,
HU,HU-PED-07,EP-03,"Como sistema, quiero registrar fecha y hora de creación, confirmación, cambios y cierre del pedido.",Pendiente de validar,Sin asignar,Sin verificar,
HU,HU-PED-08,EP-03,"Como personal de atención, quiero saber quién creó inicialmente el pedido.",Pendiente de validar,Sin asignar,Sin verificar,
HU,HU-PED-09,EP-03,"Como sistema, quiero registrar quién añadió o modificó cada elemento del pedido.",Pendiente de validar,Sin asignar,Sin verificar,
HU,HU-PED-10,EP-03,"Como personal de atención, quiero conocer un ETA preliminar antes de confirmar el pedido al cliente.",Pendiente de validar,Sin asignar,Sin verificar,
HU,HU-PED-11,EP-03,"Como personal autorizado, quiero anular uno o más artículos sin borrarlos del historial.",Pendiente de validar,Sin asignar,Sin verificar,
HU,HU-PED-12,EP-03,"Como personal autorizado, quiero reemplazar un artículo por otro mediante una operación de cambio.",Pendiente de validar,Sin asignar,Sin verificar,
HU,HU-PED-13,EP-03,"Como sistema, quiero relacionar el artículo reemplazado con el artículo nuevo.",Pendiente de validar,Sin asignar,Sin verificar,
HU,HU-PED-14,EP-03,"Como personal autorizado, quiero elegir entre emitir una actualización parcial de comanda o una comanda completa actualizada.",Pendiente de validar,Sin asignar,Sin verificar,
HU,HU-PED-15,EP-03,"Como cocina/barra, quiero identificar claramente cuál revisión de una comanda es la vigente.",Pendiente de validar,Sin asignar,Sin verificar,
HU,HU-PED-16,EP-03,"Como personal autorizado, quiero indicar si una anulación generó merma, cortesía, consumo interno o cargo al personal.",Pendiente de validar,Sin asignar,Sin verificar,
HU,HU-PED-17,EP-03,"Como personal de atención, quiero agregar una ampliación posterior al pedido sin reiniciar el tiempo estimado de los artículos anteriores.",Pendiente de validar,Sin asignar,Sin verificar,
HU,HU-PED-18,EP-03,"Como sistema, quiero calcular ETA independiente para ampliaciones o nuevas cuentas agregadas posteriormente.",Pendiente de validar,Sin asignar,Sin verificar,
HU,HU-PED-19,EP-03,"Como sistema, quiero permitir pedidos especiales solo a usuarios autorizados.",Pendiente de validar,Sin asignar,Sin verificar,
HU,HU-PED-20,EP-03,"Como personal autorizado, quiero registrar una excepción especial sin modificar el menú oficial.",Pendiente de validar,Sin asignar,Sin verificar,
HU,HU-PED-21,EP-03,"Como sistema, quiero impedir que una corrección posterior sobrescriba silenciosamente cambios realizados por otro usuario.",Pendiente de validar,Sin asignar,Sin verificar,
HU,HU-CMD-01,EP-04,"Como sistema, quiero asociar cada producto del menú a un área de preparación o despacho.",Pendiente de validar,Sin asignar,Sin verificar,
HU,HU-CMD-02,EP-04,"Como cocina sushi, quiero recibir únicamente los artículos que corresponden a mi área.",Pendiente de validar,Sin asignar,Sin verificar,
HU,HU-CMD-03,EP-04,"Como cocina caliente, quiero recibir únicamente los artículos que corresponden a mi área.",Pendiente de validar,Sin asignar,Sin verificar,
HU,HU-CMD-04,EP-04,"Como barra, quiero recibir únicamente las bebidas y productos asignados a barra.",Pendiente de validar,Sin asignar,Sin verificar,
HU,HU-CMD-05,EP-04,"Como sistema, quiero dividir automáticamente un pedido en comandas por área.",Pendiente de validar,Sin asignar,Sin verificar,
HU,HU-CMD-06,EP-04,"Como sistema, quiero generar una anulación al área original y una adición al área nueva cuando un cambio cruza áreas.",Pendiente de validar,Sin asignar,Sin verificar,
HU,HU-CMD-07,EP-04,"Como sistema, quiero permitir que una modificación dentro de la misma área se muestre como cambio en una sola comanda.",Pendiente de validar,Sin asignar,Sin verificar,
HU,HU-CMD-08,EP-04,"Como personal, quiero reimprimir una comanda sin crear un pedido nuevo.",Pendiente de validar,Sin asignar,Sin verificar,
HU,HU-CMD-09,EP-04,"Como cocina/barra, quiero identificar una reimpresión para no preparar el pedido dos veces.",Pendiente de validar,Sin asignar,Sin verificar,
HU,HU-CMD-10,EP-04,"Como sistema, quiero mantener separado el procesamiento del pedido del trabajo de impresión.",Pendiente de validar,Sin asignar,Sin verificar,
HU,HU-DEL-01,EP-05,"Como personal de atención, quiero registrar mediante formulario los datos requeridos para un pedido a domicilio.",Pendiente de validar,Sin asignar,Sin verificar,
HU,HU-DEL-02,EP-05,"Como sistema, quiero validar que los datos mínimos del delivery estén completos.",Pendiente de validar,Sin asignar,Sin verificar,
HU,HU-DEL-03,EP-05,"Como personal de atención, quiero registrar comprobantes de depósito asociados al pedido.",Pendiente de validar,Sin asignar,Sin verificar,
HU,HU-DEL-04,EP-05,"Como personal autorizado, quiero registrar cuando un pedido esté autorizado para pago contra entrega.",Pendiente de validar,Sin asignar,Sin verificar,
HU,HU-DEL-05,EP-05,"Como sistema, quiero evaluar carga de trabajo y ETA antes de confirmar un pedido cercano al cierre del delivery.",Pendiente de validar,Sin asignar,Sin verificar,
HU,HU-DEL-06,EP-05,"Como personal de atención, quiero registrar la hora estimada en que el pedido estará listo para solicitar repartidor.",Pendiente de validar,Sin asignar,Sin verificar,
HU,HU-DEL-07,EP-05,"Como personal de atención, quiero registrar la hora estimada de llegada del repartidor.",Pendiente de validar,Sin asignar,Sin verificar,
HU,HU-DEL-08,EP-05,"Como cocina, quiero visualizar la hora objetivo vinculada al repartidor cuando sea relevante.",Pendiente de validar,Sin asignar,Sin verificar,
HU,HU-DEL-09,EP-05,"Como personal de atención, quiero compartir con el servicio externo solo los datos necesarios del pedido.",Pendiente de validar,Sin asignar,Sin verificar,
HU,HU-DEL-10,EP-05,"Como personal de atención, quiero marcar cuando el repartidor haya llegado.",Pendiente de validar,Sin asignar,Sin verificar,
HU,HU-DEL-11,EP-05,"Como personal de atención, quiero marcar cuando el pedido haya sido entregado al repartidor.",Pendiente de validar,Sin asignar,Sin verificar,
HU,HU-DEL-12,EP-05,"Como cliente, quiero conocer el estado del pedido antes de ser entregado al repartidor.",Pendiente de validar,Sin asignar,Sin verificar,
HU,HU-DEL-13,EP-05,"Como sistema, quiero diferenciar tiempo de preparación del restaurante y tiempo de traslado externo.",Pendiente de validar,Sin asignar,Sin verificar,
HU,HU-DEL-14,EP-05,"Como cliente, quiero recibir una aclaración de que el tiempo de traslado depende de factores externos.",Pendiente de validar,Sin asignar,Sin verificar,
HU,HU-DEL-15,EP-05,"Como sistema, quiero mantener el costo de delivery separado del ingreso del restaurante.",Pendiente de validar,Sin asignar,Sin verificar,
HU,HU-DEL-16,EP-05,"Como sistema, quiero informar al repartidor cuando el pedido sea contra entrega y el monto que debe cobrarse.",Pendiente de validar,Sin asignar,Sin verificar,
HU,HU-DEL-17,EP-05,"Como personal, quiero registrar si el repartidor llega antes y debe esperar.",Pendiente de validar,Sin asignar,Sin verificar,
HU,HU-DEL-18,EP-05,"Como personal, quiero cancelar o reprogramar un delivery cuando el repartidor no llegue.",Pendiente de validar,Sin asignar,Sin verificar,
HU,HU-DEL-19,EP-05,"Como sistema, quiero permitir devolución del importe del restaurante si una entrega no puede completarse según autorización del encargado.",Pendiente de validar,Sin asignar,Sin verificar,
HU,HU-COM-01,EP-06,"Como personal de atención, quiero consultar conversaciones de WhatsApp, Instagram y chat interno desde una interfaz centralizada.",Pendiente de validar,Sin asignar,Sin verificar,
HU,HU-COM-02,EP-06,"Como sistema, quiero mantener cada canal como conversación independiente.",Pendiente de validar,Sin asignar,Sin verificar,
HU,HU-COM-03,EP-06,"Como sistema, quiero asociar diferentes canales a un mismo cliente solo cuando la identidad esté confirmada.",Pendiente de validar,Sin asignar,Sin verificar,
HU,HU-COM-04,EP-06,"Como cliente, quiero elegir el canal por el que deseo comunicarme.",Pendiente de validar,Sin asignar,Sin verificar,
HU,HU-COM-05,EP-06,"Como cliente, quiero solicitar rápidamente menú, horario y ubicación.",Pendiente de validar,Sin asignar,Sin verificar,
HU,HU-COM-06,EP-06,"Como personal autorizado, quiero crear, editar y desactivar respuestas predefinidas.",Pendiente de validar,Sin asignar,Sin verificar,
HU,HU-COM-07,EP-06,"Como sistema, quiero seleccionar plantillas distintas según canal.",Pendiente de validar,Sin asignar,Sin verificar,
HU,HU-COM-08,EP-06,"Como personal, quiero tomar control manual de una conversación atendida inicialmente por IA.",Pendiente de validar,Sin asignar,Sin verificar,
HU,HU-COM-09,EP-06,"Como personal, quiero recibir un resumen breve del contexto antes de asumir una conversación.",Pendiente de validar,Sin asignar,Sin verificar,
HU,HU-COM-10,EP-06,"Como IA, quiero proponer una respuesta o solución que el personal pueda aceptar, editar o rechazar.",Pendiente de validar,Sin asignar,Sin verificar,
HU,HU-COM-11,EP-06,"Como sistema, quiero identificar conversaciones que requieren intervención humana.",Pendiente de validar,Sin asignar,Sin verificar,
HU,HU-COM-12,EP-06,"Como cliente, quiero recibir actualizaciones importantes del pedido o reservación.",Pendiente de validar,Sin asignar,Sin verificar,
HU,HU-COM-13,EP-06,"Como sistema, quiero aceptar texto como medio normal para toma de pedidos.",Pendiente de validar,Sin asignar,Sin verificar,
HU,HU-COM-14,EP-06,"Como sistema, quiero aceptar imágenes únicamente cuando sean comprobantes permitidos.",Pendiente de validar,Sin asignar,Sin verificar,
HU,HU-COM-15,EP-06,"Como sistema, quiero rechazar o eliminar contenido no permitido manteniendo únicamente metadatos mínimos de auditoría.",Pendiente de validar,Sin asignar,Sin verificar,
HU,HU-COM-16,EP-06,"Como sistema, quiero mantener historial cronológico amplio de conversaciones.",Pendiente de validar,Sin asignar,Sin verificar,
HU,HU-COM-17,EP-06,"Como sistema, quiero usar el nombre del cliente en saludos cuando su identidad esté confirmada.",Pendiente de validar,Sin asignar,Sin verificar,
HU,HU-CLI-01,EP-07,"Como cliente, quiero crear una cuenta para acceder a funciones digitales.",Pendiente de validar,Sin asignar,Sin verificar,
HU,HU-CLI-02,EP-07,"Como sistema, quiero asignar automáticamente el rol Cliente a todo registro público.",Pendiente de validar,Sin asignar,Sin verificar,
HU,HU-CLI-03,EP-07,"Como sistema, quiero mantener historial de pedidos de clientes identificados.",Pendiente de validar,Sin asignar,Sin verificar,
HU,HU-CLI-04,EP-07,"Como sistema, quiero mantener historial de reservaciones.",Pendiente de validar,Sin asignar,Sin verificar,
HU,HU-CLI-05,EP-07,"Como sistema, quiero registrar preferencias explícitas del cliente.",Pendiente de validar,Sin asignar,Sin verificar,
HU,HU-CLI-06,EP-07,"Como sistema, quiero reconocer clientes frecuentes para personalizar la atención.",Pendiente de validar,Sin asignar,Sin verificar,
HU,HU-CLI-07,EP-07,"Como personal autorizado, quiero registrar incidencias relevantes de servicio.",Pendiente de validar,Sin asignar,Sin verificar,
HU,HU-CLI-08,EP-07,"Como administrador, quiero aplicar restricciones específicas a un cliente.",Pendiente de validar,Sin asignar,Sin verificar,
HU,HU-CLI-09,EP-07,"Como sistema, quiero soportar restricciones como solo pago anticipado, no delivery, no reservaciones, no mensajería o bloqueo total.",Pendiente de validar,Sin asignar,Sin verificar,
HU,HU-CLI-10,EP-07,"Como sistema, quiero registrar quién creó, modificó o retiró una restricción.",Pendiente de validar,Sin asignar,Sin verificar,
HU,HU-CLI-11,EP-07,"Como cliente, quiero eliminar mi cuenta y perder acceso al sistema.",Pendiente de validar,Sin asignar,Sin verificar,
HU,HU-CLI-12,EP-07,"Como sistema, quiero conservar internamente el histórico de una cuenta eliminada según las políticas definidas.",Pendiente de validar,Sin asignar,Sin verificar,
HU,HU-CLI-13,EP-07,"Como sistema, quiero tratar una cuenta nueva posterior a una eliminación voluntaria como un perfil funcional nuevo.",Pendiente de validar,Sin asignar,Sin verificar,
HU,HU-CLI-14,EP-07,"Como sistema, quiero diferenciar claramente cuenta eliminada y cuenta suspendida.",Pendiente de validar,Sin asignar,Sin verificar,
HU,HU-CLI-15,EP-07,"Como sistema, quiero alertar cuando una nueva cuenta se relacione con una identidad previamente suspendida.",Pendiente de validar,Sin asignar,Sin verificar,
HU,HU-USR-01,EP-08,"Como administrador, quiero crear usuarios operativos.",Pendiente de validar,Sin asignar,Sin verificar,
HU,HU-USR-02,EP-08,"Como administrador, quiero asignar uno o varios roles a un usuario.",Pendiente de validar,Sin asignar,Sin verificar,
HU,HU-USR-03,EP-08,"Como administrador, quiero crear y editar roles.",Pendiente de validar,Sin asignar,Sin verificar,
HU,HU-USR-04,EP-08,"Como administrador, quiero asociar permisos a cada rol.",Pendiente de validar,Sin asignar,Sin verificar,
HU,HU-USR-05,EP-08,"Como sistema, quiero calcular permisos efectivos a partir de todos los roles asignados.",Pendiente de validar,Sin asignar,Sin verificar,
HU,HU-USR-06,EP-08,"Como administrador, quiero activar, suspender o desactivar usuarios operativos.",Pendiente de validar,Sin asignar,Sin verificar,
HU,HU-USR-07,EP-08,"Como sistema, quiero impedir que un usuario público se autoasigne roles operativos.",Pendiente de validar,Sin asignar,Sin verificar,
HU,HU-USR-08,EP-08,"Como administrador, quiero consultar los permisos efectivos de cada usuario.",Pendiente de validar,Sin asignar,Sin verificar,
HU,HU-USR-09,EP-08,"Como sistema, quiero auditar operaciones delicadas realizadas por usuarios con permisos.",Pendiente de validar,Sin asignar,Sin verificar,
HU,HU-USR-10,EP-08,"Como administrador, quiero conceder permisos granulares como cerrar servicio, suspender online, anular artículos o hacer override de disponibilidad.",Pendiente de validar,Sin asignar,Sin verificar,
HU,HU-PER-01,EP-09,"Como administrador, quiero registrar el horario base habitual de cada trabajador.",Pendiente de validar,Sin asignar,Sin verificar,
HU,HU-PER-02,EP-09,"Como administrador, quiero registrar turnos extraordinarios o cambios por fecha.",Pendiente de validar,Sin asignar,Sin verificar,
HU,HU-PER-03,EP-09,"Como encargado, quiero indicar cuándo un auxiliar asistirá a un turno.",Pendiente de validar,Sin asignar,Sin verificar,
HU,HU-PER-04,EP-09,"Como encargado, quiero registrar ausencias, llegadas tardías o salidas anticipadas cuando sea relevante.",Pendiente de validar,Sin asignar,Sin verificar,
HU,HU-PER-05,EP-09,"Como sistema, quiero conocer qué personal está previsto y disponible en un período.",Pendiente de validar,Sin asignar,Sin verificar,
HU,HU-PER-06,EP-09,"Como sistema, quiero considerar disponibilidad de personal en el cálculo de carga.",Pendiente de validar,Sin asignar,Sin verificar,
HU,HU-PER-07,EP-09,"Como administrador, quiero consultar el historial de turnos y cambios.",Pendiente de validar,Sin asignar,Sin verificar,
HU,HU-PER-08,EP-09,"Como sistema, quiero diferenciar horario previsto de control de asistencia real.",Pendiente de validar,Sin asignar,Sin verificar,
HU,HU-MEN-01,EP-10,"Como administrador, quiero crear y editar categorías del menú.",Pendiente de validar,Sin asignar,Sin verificar,
HU,HU-MEN-02,EP-10,"Como administrador, quiero crear y editar platillos.",Pendiente de validar,Sin asignar,Sin verificar,
HU,HU-MEN-03,EP-10,"Como administrador, quiero asociar fotografías a los platillos.",Pendiente de validar,Sin asignar,Sin verificar,
HU,HU-MEN-04,EP-10,"Como administrador, quiero definir precio, descripción, categoría y área de preparación.",Pendiente de validar,Sin asignar,Sin verificar,
HU,HU-MEN-05,EP-10,"Como administrador, quiero crear grupos de modificadores y extras.",Pendiente de validar,Sin asignar,Sin verificar,
HU,HU-MEN-06,EP-10,"Como administrador, quiero definir opciones obligatorias u opcionales con mínimos y máximos.",Pendiente de validar,Sin asignar,Sin verificar,
HU,HU-MEN-07,EP-10,"Como sistema, quiero limitar los extras visibles a los configurados para cada producto.",Pendiente de validar,Sin asignar,Sin verificar,
HU,HU-MEN-08,EP-10,"Como sistema, quiero permitir que un modificador afecte precio, receta, disponibilidad y tiempo.",Pendiente de validar,Sin asignar,Sin verificar,
HU,HU-MEN-09,EP-10,"Como cliente, quiero ver únicamente los platillos disponibles según la política de visualización.",Pendiente de validar,Sin asignar,Sin verificar,
HU,HU-MEN-10,EP-10,"Como cliente, quiero consultar fotografías, precio y descripción.",Pendiente de validar,Sin asignar,Sin verificar,
HU,HU-MEN-11,EP-10,"Como personal operativo, quiero visualizar disponibilidad aproximada directamente en cada categoría.",Pendiente de validar,Sin asignar,Sin verificar,
HU,HU-MEN-12,EP-10,"Como personal autorizado, quiero marcar manualmente un producto como no disponible.",Pendiente de validar,Sin asignar,Sin verificar,
HU,HU-MEN-13,EP-10,"Como personal autorizado, quiero reactivar un producto previamente suspendido.",Pendiente de validar,Sin asignar,Sin verificar,
HU,HU-MEN-14,EP-10,"Como administrador, quiero definir productos con restricción de edad cuando aplique.",Pendiente de validar,Sin asignar,Sin verificar,
HU,HU-MEN-15,EP-10,"Como sistema, quiero mostrar productos más pedidos o recomendados sin crear promociones automáticas.",Pendiente de validar,Sin asignar,Sin verificar,
HU,HU-MEN-16,EP-10,"Como administrador, quiero poder priorizar visualmente determinados productos sin alterar su precio.",Pendiente de validar,Sin asignar,Sin verificar,
HU,HU-REC-01,EP-11,"Como administrador, quiero crear recetas para platillos y producciones.",Pendiente de validar,Sin asignar,Sin verificar,
HU,HU-REC-02,EP-11,"Como administrador, quiero permitir que una receta use materias primas, producciones u otras preparaciones.",Pendiente de validar,Sin asignar,Sin verificar,
HU,HU-REC-03,EP-11,"Como sistema, quiero admitir estructuras recursivas tipo BOM para preparaciones compuestas.",Pendiente de validar,Sin asignar,Sin verificar,
HU,HU-REC-04,EP-11,"Como administrador, quiero versionar recetas.",Pendiente de validar,Sin asignar,Sin verificar,
HU,HU-REC-05,EP-11,"Como sistema, quiero conservar la versión de receta usada históricamente en pedidos y producciones.",Pendiente de validar,Sin asignar,Sin verificar,
HU,HU-REC-06,EP-11,"Como sistema, quiero utilizar únicamente la versión vigente para nuevas operaciones.",Pendiente de validar,Sin asignar,Sin verificar,
HU,HU-REC-07,EP-11,"Como administrador, quiero indicar rendimientos, unidades y mermas estimadas.",Pendiente de validar,Sin asignar,Sin verificar,
HU,HU-REC-08,EP-11,"Como sistema, quiero detectar dependencias de producción necesarias para fabricar un platillo desde cero.",Pendiente de validar,Sin asignar,Sin verificar,
HU,HU-INV-01,EP-12,"Como personal autorizado, quiero registrar entradas y salidas de inventario.",Pendiente de validar,Sin asignar,Sin verificar,
HU,HU-INV-02,EP-12,"Como sistema, quiero registrar quién ingresó, recibió o ajustó una existencia.",Pendiente de validar,Sin asignar,Sin verificar,
HU,HU-INV-03,EP-12,"Como administrador, quiero definir stock mínimo, objetivo, máximo y actual.",Pendiente de validar,Sin asignar,Sin verificar,
HU,HU-INV-04,EP-12,"Como sistema, quiero diferenciar stock físico, reservado y disponible.",Pendiente de validar,Sin asignar,Sin verificar,
HU,HU-INV-05,EP-12,"Como sistema, quiero reservar recursos al confirmar pedidos para evitar sobreventa.",Pendiente de validar,Sin asignar,Sin verificar,
HU,HU-INV-06,EP-12,"Como sistema, quiero liberar reservas cuando un pedido cancelado no haya consumido los recursos.",Pendiente de validar,Sin asignar,Sin verificar,
HU,HU-INV-07,EP-12,"Como sistema, quiero mantener consumidos los recursos ya usados aunque el artículo se anule económicamente.",Pendiente de validar,Sin asignar,Sin verificar,
HU,HU-INV-08,EP-12,"Como personal autorizado, quiero realizar conteos físicos y registrar ajustes.",Pendiente de validar,Sin asignar,Sin verificar,
HU,HU-INV-09,EP-12,"Como sistema, quiero administrar lotes y fechas de caducidad.",Pendiente de validar,Sin asignar,Sin verificar,
HU,HU-INV-10,EP-12,"Como sistema, quiero sugerir consumo FEFO para productos perecederos.",Pendiente de validar,Sin asignar,Sin verificar,
HU,HU-INV-11,EP-12,"Como administrador, quiero clasificar materias primas, productos comerciales, empaques, consumibles y otros tipos.",Pendiente de validar,Sin asignar,Sin verificar,
HU,HU-INV-12,EP-12,"Como sistema, quiero asociar empaques estándar a productos o tipos de pedido.",Pendiente de validar,Sin asignar,Sin verificar,
HU,HU-INV-13,EP-12,"Como personal de empaque, quiero corregir la cantidad real de empaques/consumibles utilizados.",Pendiente de validar,Sin asignar,Sin verificar,
HU,HU-INV-14,EP-12,"Como sistema, quiero descontar empaques al momento operativo definido para evitar descontarlos prematuramente.",Pendiente de validar,Sin asignar,Sin verificar,
HU,HU-INV-15,EP-12,"Como personal autorizado, quiero registrar merma, daño, consumo interno, cortesía o ajuste.",Pendiente de validar,Sin asignar,Sin verificar,
HU,HU-INV-16,EP-12,"Como sistema, quiero manejar tolerancias de consumo esperadas para insumos baratos sin alterar el stock físico registrado.",Pendiente de validar,Sin asignar,Sin verificar,
HU,HU-CMP-01,EP-13,"Como encargado, quiero recibir una lista sugerida de compras para el siguiente día de servicio.",Pendiente de validar,Sin asignar,Sin verificar,
HU,HU-CMP-02,EP-13,"Como encargado, quiero editar cantidades sugeridas antes de confirmar la lista.",Pendiente de validar,Sin asignar,Sin verificar,
HU,HU-CMP-03,EP-13,"Como encargado, quiero agregar o quitar productos manualmente.",Pendiente de validar,Sin asignar,Sin verificar,
HU,HU-CMP-04,EP-13,"Como encargado, quiero consultar listas de compras por fecha.",Pendiente de validar,Sin asignar,Sin verificar,
HU,HU-CMP-05,EP-13,"Como encargado, quiero registrar cantidad solicitada, comprada y pendiente.",Pendiente de validar,Sin asignar,Sin verificar,
HU,HU-CMP-06,EP-13,"Como sistema, quiero manejar estados como solicitado, parcial, comprado, recibido y cancelado.",Pendiente de validar,Sin asignar,Sin verificar,
HU,HU-CMP-07,EP-13,"Como sistema, quiero diferenciar producto comprado de producto recibido en inventario.",Pendiente de validar,Sin asignar,Sin verificar,
HU,HU-CMP-08,EP-13,"Como encargado, quiero registrar quién compró, quién recibió y quién ingresó el producto.",Pendiente de validar,Sin asignar,Sin verificar,
HU,HU-CMP-09,EP-13,"Como administrador, quiero registrar proveedores y sus datos de contacto.",Pendiente de validar,Sin asignar,Sin verificar,
HU,HU-CMP-10,EP-13,"Como administrador, quiero asociar varios proveedores a un mismo producto.",Pendiente de validar,Sin asignar,Sin verificar,
HU,HU-CMP-11,EP-13,"Como encargado, quiero indicar un proveedor habitual o preferido.",Pendiente de validar,Sin asignar,Sin verificar,
HU,HU-CMP-12,EP-13,"Como encargado, quiero registrar de qué proveedor se obtuvo cada cantidad cuando una compra se divide.",Pendiente de validar,Sin asignar,Sin verificar,
HU,HU-CMP-13,EP-13,"Como sistema, quiero conservar historial de precios por proveedor.",Pendiente de validar,Sin asignar,Sin verificar,
HU,HU-CMP-14,EP-13,"Como personal autorizado, quiero registrar incidencias operativas con proveedores.",Pendiente de validar,Sin asignar,Sin verificar,
HU,HU-CMP-15,EP-13,"Como sistema, quiero sugerir proveedor habitual sin comprar automáticamente.",Pendiente de validar,Sin asignar,Sin verificar,
HU,HU-PRO-01,EP-14,"Como personal de cocina, quiero registrar cantidades producidas.",Pendiente de validar,Sin asignar,Sin verificar,
HU,HU-PRO-02,EP-14,"Como sistema, quiero descontar ingredientes según la receta vigente.",Pendiente de validar,Sin asignar,Sin verificar,
HU,HU-PRO-03,EP-14,"Como personal de cocina, quiero corregir el rendimiento real y registrar merma.",Pendiente de validar,Sin asignar,Sin verificar,
HU,HU-PRO-04,EP-14,"Como sistema, quiero permitir que una producción utilice otras producciones.",Pendiente de validar,Sin asignar,Sin verificar,
HU,HU-PRO-05,EP-14,"Como sistema, quiero calcular cuánto puede producirse con las existencias actuales.",Pendiente de validar,Sin asignar,Sin verificar,
HU,HU-PRO-06,EP-14,"Como sistema, quiero evitar doble conteo de recursos compartidos.",Pendiente de validar,Sin asignar,Sin verificar,
HU,HU-PRO-07,EP-14,"Como encargado, quiero recibir una lista de producciones sugeridas para el siguiente servicio.",Pendiente de validar,Sin asignar,Sin verificar,
HU,HU-PRO-08,EP-14,"Como cocina, quiero marcar producciones realizadas, pendientes o descartadas.",Pendiente de validar,Sin asignar,Sin verificar,
HU,HU-PRO-09,EP-14,"Como administrador, quiero registrar tiempo activo de preparación.",Pendiente de validar,Sin asignar,Sin verificar,
HU,HU-PRO-10,EP-14,"Como administrador, quiero registrar tiempos pasivos como cocción, reposo o enfriamiento.",Pendiente de validar,Sin asignar,Sin verificar,
HU,HU-PRO-11,EP-14,"Como sistema, quiero estimar cuándo una producción estará disponible.",Pendiente de validar,Sin asignar,Sin verificar,
HU,HU-PRO-12,EP-14,"Como sistema, quiero evaluar si conviene iniciar nueva producción según hora, demanda, carga y cierre.",Pendiente de validar,Sin asignar,Sin verificar,
HU,HU-PRO-13,EP-14,"Como personal autorizado, quiero aceptar o rechazar una producción sugerida.",Pendiente de validar,Sin asignar,Sin verificar,
HU,HU-PRO-14,EP-14,"Como sistema, quiero considerar producciones remanentes del último día de servicio según lote, caducidad y política.",Pendiente de validar,Sin asignar,Sin verificar,
HU,HU-DIS-01,EP-15,"Como sistema, quiero calcular disponibilidad aproximada de cada platillo.",Pendiente de validar,Sin asignar,Sin verificar,
HU,HU-DIS-02,EP-15,"Como sistema, quiero diferenciar disponible inmediato, disponible con producción, condicionado y no disponible.",Pendiente de validar,Sin asignar,Sin verificar,
HU,HU-DIS-03,EP-15,"Como sistema, quiero calcular la capacidad adicional que puede producirse desde cero.",Pendiente de validar,Sin asignar,Sin verificar,
HU,HU-DIS-04,EP-15,"Como sistema, quiero considerar recursos compartidos entre varios platillos.",Pendiente de validar,Sin asignar,Sin verificar,
HU,HU-DIS-05,EP-15,"Como sistema, quiero reservar atómicamente recursos al confirmar un pedido.",Pendiente de validar,Sin asignar,Sin verificar,
HU,HU-DIS-06,EP-15,"Como cliente, quiero recibir aviso si un producto se agotó mientras confirmaba el pedido.",Pendiente de validar,Sin asignar,Sin verificar,
HU,HU-DIS-07,EP-15,"Como sistema, quiero sugerir alternativas cuando un producto deja de estar disponible.",Pendiente de validar,Sin asignar,Sin verificar,
HU,HU-DIS-08,EP-15,"Como personal operativo, quiero ver el número aproximado disponible junto a cada producto.",Pendiente de validar,Sin asignar,Sin verificar,
HU,HU-DIS-09,EP-15,"Como cliente, quiero ver estados simples como disponible, pocas unidades o no disponible.",Pendiente de validar,Sin asignar,Sin verificar,
HU,HU-DIS-10,EP-15,"Como personal autorizado, quiero establecer un override manual de disponibilidad.",Pendiente de validar,Sin asignar,Sin verificar,
HU,HU-DIS-11,EP-15,"Como sistema, quiero registrar el motivo y usuario de un override.",Pendiente de validar,Sin asignar,Sin verificar,
HU,HU-DIS-12,EP-15,"Como sistema, quiero actualizar automáticamente productos dependientes cuando una producción crítica se suspende.",Pendiente de validar,Sin asignar,Sin verificar,
HU,HU-DIS-13,EP-15,"Como sistema, quiero calcular ETA adicional cuando sea necesario producir desde cero.",Pendiente de validar,Sin asignar,Sin verificar,
HU,HU-DIS-14,EP-15,"Como sistema, quiero excluir de venta productos cuya producción adicional no sea razonable por horario o carga.",Pendiente de validar,Sin asignar,Sin verificar,
HU,HU-COC-01,EP-16,"Como cocina, quiero visualizar las comandas activas con hora de ingreso.",Pendiente de validar,Sin asignar,Sin verificar,
HU,HU-COC-02,EP-16,"Como cocina, quiero visualizar hora estimada de salida, recogida o llegada de repartidor según el tipo de pedido.",Pendiente de validar,Sin asignar,Sin verificar,
HU,HU-COC-03,EP-16,"Como cocina, quiero visualizar observaciones y modificaciones importantes.",Pendiente de validar,Sin asignar,Sin verificar,
HU,HU-COC-04,EP-16,"Como cocina, quiero marcar un pedido o componente como listo cuando sea útil para atención.",Pendiente de validar,Sin asignar,Sin verificar,
HU,HU-COC-05,EP-16,"Como cocina, quiero confirmar o modificar el ETA propuesto por el sistema.",Pendiente de validar,Sin asignar,Sin verificar,
HU,HU-COC-06,EP-16,"Como cocina, quiero indicar un motivo cuando amplío significativamente un ETA.",Pendiente de validar,Sin asignar,Sin verificar,
HU,HU-COC-07,EP-16,"Como sistema, quiero estimar tiempos usando carga, producciones, tamaño del pedido y personal disponible.",Pendiente de validar,Sin asignar,Sin verificar,
HU,HU-COC-08,EP-16,"Como sistema, quiero considerar tiempos históricos para mejorar estimaciones.",Pendiente de validar,Sin asignar,Sin verificar,
HU,HU-COC-09,EP-16,"Como sistema, quiero permitir que cocina altere la prioridad sugerida por eficiencia operativa.",Pendiente de validar,Sin asignar,Sin verificar,
HU,HU-COC-10,EP-16,"Como sistema, quiero calcular ETA de una producción desde cero más carga y preparación final.",Pendiente de validar,Sin asignar,Sin verificar,
HU,HU-COC-11,EP-16,"Como encargado, quiero modificar temporalmente la capacidad operativa cuando exista una limitación.",Pendiente de validar,Sin asignar,Sin verificar,
HU,HU-COC-12,EP-16,"Como sistema, quiero identificar pedidos de volumen extraordinario y solicitar confirmación humana.",Pendiente de validar,Sin asignar,Sin verificar,
HU,HU-COC-13,EP-16,"Como personal de atención, quiero consultar el ETA actual antes de prometer un horario.",Pendiente de validar,Sin asignar,Sin verificar,
HU,HU-COC-14,EP-16,"Como sistema, quiero mostrar carga general y por área sin obligar al mesero a marcar cada microestado.",Pendiente de validar,Sin asignar,Sin verificar,
HU,HU-PAG-01,EP-17,"Como cajero, quiero cobrar en efectivo.",Pendiente de validar,Sin asignar,Sin verificar,
HU,HU-PAG-02,EP-17,"Como cajero, quiero cobrar con tarjeta.",Pendiente de validar,Sin asignar,Sin verificar,
HU,HU-PAG-03,EP-17,"Como cajero, quiero registrar transferencias.",Pendiente de validar,Sin asignar,Sin verificar,
HU,HU-PAG-04,EP-17,"Como cajero, quiero combinar varios métodos de pago.",Pendiente de validar,Sin asignar,Sin verificar,
HU,HU-PAG-05,EP-17,"Como personal de atención, quiero dividir una cuenta por productos.",Pendiente de validar,Sin asignar,Sin verificar,
HU,HU-PAG-06,EP-17,"Como personal de atención, quiero dividir una cuenta por partes iguales.",Pendiente de validar,Sin asignar,Sin verificar,
HU,HU-PAG-07,EP-17,"Como personal de atención, quiero dividir una cuenta por importes personalizados.",Pendiente de validar,Sin asignar,Sin verificar,
HU,HU-PAG-08,EP-17,"Como sistema, quiero permitir pagos parciales.",Pendiente de validar,Sin asignar,Sin verificar,
HU,HU-PAG-09,EP-17,"Como sistema, quiero permitir que una persona pague productos asignados originalmente a otra cuenta.",Pendiente de validar,Sin asignar,Sin verificar,
HU,HU-PAG-10,EP-17,"Como sistema, quiero impedir cerrar una cuenta mientras exista saldo pendiente, salvo permiso especial.",Pendiente de validar,Sin asignar,Sin verificar,
HU,HU-PAG-11,EP-17,"Como personal, quiero generar e imprimir una precuenta.",Pendiente de validar,Sin asignar,Sin verificar,
HU,HU-PAG-12,EP-17,"Como sistema, quiero distinguir precuenta de cuenta cobrada/cerrada.",Pendiente de validar,Sin asignar,Sin verificar,
HU,HU-PAG-13,EP-17,"Como sistema, quiero calcular una propina sugerida del porcentaje configurado para consumo en mesa.",Pendiente de validar,Sin asignar,Sin verificar,
HU,HU-PAG-14,EP-17,"Como cliente, quiero aceptar, rechazar o modificar la propina sugerida.",Pendiente de validar,Sin asignar,Sin verificar,
HU,HU-PAG-15,EP-17,"Como sistema, quiero mantener propinas separadas de ingresos por venta.",Pendiente de validar,Sin asignar,Sin verificar,
HU,HU-PAG-16,EP-17,"Como sistema, quiero registrar propina por efectivo, tarjeta o transferencia.",Pendiente de validar,Sin asignar,Sin verificar,
HU,HU-PAG-17,EP-17,"Como sistema, quiero calcular comisiones de tarjeta de manera separada.",Pendiente de validar,Sin asignar,Sin verificar,
HU,HU-PAG-18,EP-17,"Como personal autorizado, quiero corregir un método de pago registrado incorrectamente dejando auditoría.",Pendiente de validar,Sin asignar,Sin verificar,
HU,HU-PAG-19,EP-17,"Como sistema, quiero manejar estados de pago independiente del estado operativo del pedido.",Pendiente de validar,Sin asignar,Sin verificar,
HU,HU-PAG-20,EP-17,"Como cliente de pedido para recoger, quiero decidir si pago antes o al recibir.",Pendiente de validar,Sin asignar,Sin verificar,
HU,HU-PAG-21,EP-17,"Como sistema, quiero manejar pagos anticipados en delivery.",Pendiente de validar,Sin asignar,Sin verificar,
HU,HU-PAG-22,EP-17,"Como sistema, quiero soportar pago contra entrega únicamente cuando esté autorizado.",Pendiente de validar,Sin asignar,Sin verificar,
HU,HU-PAG-23,EP-17,"Como encargado, quiero registrar gastos y otros movimientos de caja.",Pendiente de validar,Sin asignar,Sin verificar,
HU,HU-PAG-24,EP-17,"Como encargado, quiero abrir y cerrar caja.",Pendiente de validar,Sin asignar,Sin verificar,
HU,HU-PAG-25,EP-17,"Como sistema, quiero generar resumen de cierre por método de pago, gastos, retiros, diferencias, propinas y comisiones.",Pendiente de validar,Sin asignar,Sin verificar,
HU,HU-PAG-26,EP-17,"Como administrador, quiero consultar cierres históricos.",Pendiente de validar,Sin asignar,Sin verificar,
HU,HU-PAG-27,EP-17,"Como sistema, quiero permitir anulaciones antes del cobro sin incluir artículos anulados en el total.",Pendiente de validar,Sin asignar,Sin verificar,
HU,HU-PAG-28,EP-17,"Como encargado, quiero registrar descuentos excepcionales o cortesías con autorización.",Pendiente de validar,Sin asignar,Sin verificar,
HU,HU-PAG-29,EP-17,"Como sistema, quiero impedir que la IA genere descuentos o promociones no configurados.",Pendiente de validar,Sin asignar,Sin verificar,
HU,HU-INT-01,EP-18,"Como encargado, quiero marcar un producto como cortesía.",Pendiente de validar,Sin asignar,Sin verificar,
HU,HU-INT-02,EP-18,"Como encargado, quiero marcar una preparación como consumo interno.",Pendiente de validar,Sin asignar,Sin verificar,
HU,HU-INT-03,EP-18,"Como encargado, quiero cargar un consumo a la cuenta de un miembro del personal.",Pendiente de validar,Sin asignar,Sin verificar,
HU,HU-INT-04,EP-18,"Como sistema, quiero mantener estos conceptos separados de la venta normal.",Pendiente de validar,Sin asignar,Sin verificar,
HU,HU-INT-05,EP-18,"Como administrador, quiero consultar consumos pendientes por trabajador.",Pendiente de validar,Sin asignar,Sin verificar,
HU,HU-INT-06,EP-18,"Como encargado, quiero marcar una cuenta de personal como liquidada o descontada al cierre de período.",Pendiente de validar,Sin asignar,Sin verificar,
HU,HU-IA-01,EP-19,"Como cliente, quiero recibir respuestas automáticas a consultas frecuentes.",Pendiente de validar,Sin asignar,Sin verificar,
HU,HU-IA-02,EP-19,"Como sistema, quiero usar plantillas cuando no sea necesario invocar el LLM.",Pendiente de validar,Sin asignar,Sin verificar,
HU,HU-IA-03,EP-19,"Como sistema, quiero mantener aislado el contexto de cada conversación.",Pendiente de validar,Sin asignar,Sin verificar,
HU,HU-IA-04,EP-19,"Como sistema, quiero limitar las herramientas y datos accesibles por el LLM.",Pendiente de validar,Sin asignar,Sin verificar,
HU,HU-IA-05,EP-19,"Como IA, quiero consultar menú, disponibilidad, ETA y estado de pedido mediante APIs controladas.",Pendiente de validar,Sin asignar,Sin verificar,
HU,HU-IA-06,EP-19,"Como personal, quiero tomar control de una conversación en cualquier momento.",Pendiente de validar,Sin asignar,Sin verificar,
HU,HU-IA-07,EP-19,"Como sistema, quiero impedir que la IA prometa tiempos, descuentos, disponibilidad o condiciones no confirmadas.",Pendiente de validar,Sin asignar,Sin verificar,
HU,HU-IA-08,EP-19,"Como cliente, quiero recibir recomendaciones según preferencias e historial cuando corresponda.",Pendiente de validar,Sin asignar,Sin verificar,
HU,HU-IA-09,EP-19,"Como sistema, quiero usar algoritmos de recomendación separados del LLM cuando sea suficiente.",Pendiente de validar,Sin asignar,Sin verificar,
HU,HU-IA-10,EP-19,"Como personal, quiero recibir un resumen de la situación antes de intervenir.",Pendiente de validar,Sin asignar,Sin verificar,
HU,HU-IA-11,EP-19,"Como sistema, quiero procesar solicitudes de IA mediante colas o control de concurrencia cuando exista alta carga.",Pendiente de validar,Sin asignar,Sin verificar,
HU,HU-VIS-01,EP-20,"Como encargado, quiero consultar indicadores de ocupación/carga estimados mediante cámaras.",Pendiente de validar,Sin asignar,Sin verificar,
HU,HU-VIS-02,EP-20,"Como sistema, quiero utilizar visión como señal complementaria y no como única fuente de verdad.",Pendiente de validar,Sin asignar,Sin verificar,
HU,HU-VIS-03,EP-20,"Como personal de atención, quiero recibir una posible detección de llegada de repartidor.",Pendiente de validar,Sin asignar,Sin verificar,
HU,HU-VIS-04,EP-20,"Como sistema, quiero indicar nivel de confianza de detecciones.",Pendiente de validar,Sin asignar,Sin verificar,
HU,HU-VIS-05,EP-20,"Como personal autorizado, quiero confirmar o rechazar una detección automática.",Pendiente de validar,Sin asignar,Sin verificar,
HU,HU-VIS-06,EP-20,"Como sistema, quiero usar señales visuales para enriquecer estimaciones de carga laboral.",Pendiente de validar,Sin asignar,Sin verificar,
HU,HU-ADM-01,EP-21,"Como administrador, quiero consultar un dashboard con ventas, tiempos, carga, productos críticos y alertas.",Pendiente de validar,Sin asignar,Sin verificar,
HU,HU-ADM-02,EP-21,"Como administrador, quiero configurar horarios normales del restaurante.",Pendiente de validar,Sin asignar,Sin verificar,
HU,HU-ADM-03,EP-21,"Como administrador, quiero configurar cierres especiales o aperturas tardías por fecha.",Pendiente de validar,Sin asignar,Sin verificar,
HU,HU-ADM-04,EP-21,"Como personal autorizado, quiero cerrar o suspender total o parcialmente un servicio.",Pendiente de validar,Sin asignar,Sin verificar,
HU,HU-ADM-05,EP-21,"Como personal autorizado, quiero suspender pedidos online.",Pendiente de validar,Sin asignar,Sin verificar,
HU,HU-ADM-06,EP-21,"Como personal autorizado, quiero suspender delivery.",Pendiente de validar,Sin asignar,Sin verificar,
HU,HU-ADM-07,EP-21,"Como sistema, quiero registrar motivo, usuario y hora de cada cierre o suspensión.",Pendiente de validar,Sin asignar,Sin verificar,
HU,HU-ADM-08,EP-21,"Como administrador, quiero configurar parámetros como propina, tolerancia de reservas y horarios límite.",Pendiente de validar,Sin asignar,Sin verificar,
HU,HU-ADM-09,EP-21,"Como administrador, quiero consultar reportes de ventas, inventario, producción, anulaciones, tiempos y caja.",Pendiente de validar,Sin asignar,Sin verificar,
HU,HU-ADM-10,EP-21,"Como administrador, quiero consultar productos más pedidos y tendencias.",Pendiente de validar,Sin asignar,Sin verificar,
HU,HU-ADM-11,EP-21,"Como encargado, quiero recibir notificaciones de compras y producciones pendientes.",Pendiente de validar,Sin asignar,Sin verificar,
HU,HU-ADM-12,EP-21,"Como administrador, quiero consultar auditoría de acciones sensibles.",Pendiente de validar,Sin asignar,Sin verificar,
HU,HU-ADM-13,EP-21,"Como sistema, quiero mostrar estados operativos predefinidos como normal, alta demanda, producción en curso, solo recoger o cerrado.",Pendiente de validar,Sin asignar,Sin verificar,
HU,HU-ADM-14,EP-21,"Como personal autorizado, quiero cambiar manualmente el estado operativo.",Pendiente de validar,Sin asignar,Sin verificar,
HU,HU-ADM-15,EP-21,"Como sistema, quiero degradar servicios online sin detener la operación local cuando falle Internet externo.",Pendiente de validar,Sin asignar,Sin verificar,
HU,HU-ADM-16,EP-21,"Como cliente remoto, quiero poder esperar, cancelar o pedir notificación cuando el servicio online esté temporalmente indisponible.",Pendiente de validar,Sin asignar,Sin verificar,
HU,HU-ADM-17,EP-21,"Como personal, quiero consultar solicitudes remotas pendientes de confirmación.",Pendiente de validar,Sin asignar,Sin verificar,
HU,HU-ADM-18,EP-21,"Como sistema, quiero revalidar disponibilidad, carga, horarios y ETA antes de aceptar una solicitud que estuvo en espera.",Pendiente de validar,Sin asignar,Sin verificar,
HU,HU-ADM-19,EP-21,"Como administrador, quiero consultar logs técnicos de integraciones, impresiones y errores.",Pendiente de validar,Sin asignar,Sin verificar,
HU,HU-ADM-20,EP-21,"Como sistema, quiero continuar mostrando pedidos en KDS/log aunque una impresora falle.",Pendiente de validar,Sin asignar,Sin verificar,
HU,HU-ADM-21,EP-21,"Como personal autorizado, quiero reintentar una impresión sin reprocesar el pedido.",Pendiente de validar,Sin asignar,Sin verificar,
HU,HU-ADM-22,EP-21,"Como sistema, quiero mantener los portales Cliente, Operativo y Administrativo con navegación y permisos diferenciados.",Pendiente de validar,Sin asignar,Sin verificar,
RN,RN-001,Transversal / por asociar,El restaurante opera normalmente de martes a domingo de 14:00 a 22:00.,Pendiente de validar,Sin asignar,Sin verificar,
RN,RN-002,Transversal / por asociar,La cocina cierra normalmente a las 21:30.,Pendiente de validar,Sin asignar,Sin verificar,
RN,RN-003,Transversal / por asociar,El último ingreso normal para consumo en local es a las 21:15.,Pendiente de validar,Sin asignar,Sin verificar,
RN,RN-004,Transversal / por asociar,"Entre 21:16 y 21:30 solo se aceptan normalmente pedidos para recoger, sujeto a carga y disponibilidad.",Pendiente de validar,Sin asignar,Sin verificar,
RN,RN-005,Transversal / por asociar,Los pedidos de ese último período deben recogerse dentro del margen operativo definido por el restaurante.,Pendiente de validar,Sin asignar,Sin verificar,
RN,RN-006,Transversal / por asociar,El servicio de delivery externo deja de recoger normalmente alrededor de las 21:00.,Pendiente de validar,Sin asignar,Sin verificar,
RN,RN-007,Transversal / por asociar,Entre 20:00 y 21:00 los pedidos a domicilio deben evaluar carga y ETA antes de confirmarse.,Pendiente de validar,Sin asignar,Sin verificar,
RN,RN-008,Transversal / por asociar,"El restaurante puede cerrar anticipadamente por baja demanda, falta de producción, alta carga u otra decisión autorizada.",Pendiente de validar,Sin asignar,Sin verificar,
RN,RN-009,Transversal / por asociar,La tolerancia normal de llegada a una reservación es de 20 minutos.,Pendiente de validar,Sin asignar,Sin verificar,
RN,RN-010,Transversal / por asociar,"Al superar la tolerancia se libera el espacio previsto, pero el registro de la reservación puede mantenerse.",Pendiente de validar,Sin asignar,Sin verificar,
RN,RN-011,Transversal / por asociar,"La preparación física de una mesa reservada se realiza normalmente como máximo una hora antes, salvo excepción.",Pendiente de validar,Sin asignar,Sin verificar,
RN,RN-012,Transversal / por asociar,El cliente puede realizar decoración si cumple la política de retiro al finalizar.,Pendiente de validar,Sin asignar,Sin verificar,
RN,RN-013,Transversal / por asociar,"Una reservación puede incluir preorden, pero no es obligatoria salvo reglas especiales por horario.",Pendiente de validar,Sin asignar,Sin verificar,
RN,RN-014,Transversal / por asociar,Una reservación sin preorden está sujeta al tiempo de preparación existente al momento del servicio.,Pendiente de validar,Sin asignar,Sin verificar,
RN,RN-015,Transversal / por asociar,"El cliente indica número de comensales, pero no selecciona directamente el área física de mesas.",Pendiente de validar,Sin asignar,Sin verificar,
RN,RN-016,Transversal / por asociar,"El sistema o personal asigna mesas según capacidad, combinaciones y disponibilidad.",Pendiente de validar,Sin asignar,Sin verificar,
RN,RN-017,Transversal / por asociar,Un pedido a domicilio puede exigir depósito previo según política y antecedentes.,Pendiente de validar,Sin asignar,Sin verificar,
RN,RN-018,Transversal / por asociar,"El pago contra entrega, cuando esté autorizado, se maneja únicamente con el medio habilitado por el restaurante.",Pendiente de validar,Sin asignar,Sin verificar,
RN,RN-019,Transversal / por asociar,El costo de delivery se maneja separado del total del restaurante.,Pendiente de validar,Sin asignar,Sin verificar,
RN,RN-020,Transversal / por asociar,El restaurante no garantiza el tiempo de traslado externo.,Pendiente de validar,Sin asignar,Sin verificar,
RN,RN-021,Transversal / por asociar,"Los métodos de pago actuales son efectivo, tarjeta y transferencia.",Pendiente de validar,Sin asignar,Sin verificar,
RN,RN-022,Transversal / por asociar,Una cuenta puede usar varios métodos de pago.,Pendiente de validar,Sin asignar,Sin verificar,
RN,RN-023,Transversal / por asociar,La disponibilidad automática puede ser reemplazada temporalmente por un override manual autorizado.,Pendiente de validar,Sin asignar,Sin verificar,
RN,RN-024,Transversal / por asociar,IA y visión no deben presentar como hecho información no confirmada.,Pendiente de validar,Sin asignar,Sin verificar,
RN,RN-025,Transversal / por asociar,Un usuario puede tener múltiples roles.,Pendiente de validar,Sin asignar,Sin verificar,
RN,RN-026,Transversal / por asociar,Cada rol se compone de permisos independientes.,Pendiente de validar,Sin asignar,Sin verificar,
RN,RN-027,Transversal / por asociar,Los horarios del personal pueden variar por fecha.,Pendiente de validar,Sin asignar,Sin verificar,
RN,RN-028,Transversal / por asociar,El cálculo de carga puede considerar únicamente personal disponible.,Pendiente de validar,Sin asignar,Sin verificar,
RN,RN-029,Transversal / por asociar,Los movimientos de inventario deben registrar responsable.,Pendiente de validar,Sin asignar,Sin verificar,
RN,RN-030,Transversal / por asociar,Las conversaciones de distintos canales no se fusionan aunque pertenezcan al mismo cliente.,Pendiente de validar,Sin asignar,Sin verificar,
RN,RN-031,Transversal / por asociar,Los canales pueden asociarse al mismo perfil solo cuando la identidad esté confirmada.,Pendiente de validar,Sin asignar,Sin verificar,
RN,RN-032,Transversal / por asociar,"WhatsApp, Instagram y chat interno pueden atenderse por separado.",Pendiente de validar,Sin asignar,Sin verificar,
RN,RN-033,Transversal / por asociar,Al transferir una conversación de IA a humano se debe proporcionar contexto/resumen.,Pendiente de validar,Sin asignar,Sin verificar,
RN,RN-034,Transversal / por asociar,"La IA puede proponer soluciones, pero las acciones restringidas requieren autorización.",Pendiente de validar,Sin asignar,Sin verificar,
RN,RN-035,Transversal / por asociar,Para pedidos se acepta texto y comprobantes permitidos según política.,Pendiente de validar,Sin asignar,Sin verificar,
RN,RN-036,Transversal / por asociar,Archivos no permitidos no deben conservarse permanentemente.,Pendiente de validar,Sin asignar,Sin verificar,
RN,RN-037,Transversal / por asociar,Un cliente puede tener restricciones específicas de servicio.,Pendiente de validar,Sin asignar,Sin verificar,
RN,RN-038,Transversal / por asociar,Las restricciones deben ser auditables.,Pendiente de validar,Sin asignar,Sin verificar,
RN,RN-039,Transversal / por asociar,Los pedidos para recoger deben validar la hora solicitada contra el ETA.,Pendiente de validar,Sin asignar,Sin verificar,
RN,RN-040,Transversal / por asociar,Cocina puede confirmar o modificar el ETA calculado.,Pendiente de validar,Sin asignar,Sin verificar,
RN,RN-041,Transversal / por asociar,Los cambios de ETA deben propagarse al personal correspondiente.,Pendiente de validar,Sin asignar,Sin verificar,
RN,RN-042,Transversal / por asociar,Una modificación de preorden cercana a la reservación debe validar si todavía puede completarse.,Pendiente de validar,Sin asignar,Sin verificar,
RN,RN-043,Transversal / por asociar,"Alcanzada la hora de la reserva, el cliente no puede modificar directamente la preorden.",Pendiente de validar,Sin asignar,Sin verificar,
RN,RN-044,Transversal / por asociar,Personal autorizado sí puede modificar pedidos ya comandados.,Pendiente de validar,Sin asignar,Sin verificar,
RN,RN-045,Transversal / por asociar,Toda modificación posterior a comanda debe conservar trazabilidad.,Pendiente de validar,Sin asignar,Sin verificar,
RN,RN-046,Transversal / por asociar,Las cuentas pueden pagarse parcialmente.,Pendiente de validar,Sin asignar,Sin verificar,
RN,RN-047,Transversal / por asociar,Una persona puede pagar productos pertenecientes a otra cuenta.,Pendiente de validar,Sin asignar,Sin verificar,
RN,RN-048,Transversal / por asociar,"Una mesa no se libera mientras existan saldos pendientes, salvo autorización especial.",Pendiente de validar,Sin asignar,Sin verificar,
RN,RN-049,Transversal / por asociar,La división de cuenta no debe duplicar observaciones ni modificadores.,Pendiente de validar,Sin asignar,Sin verificar,
RN,RN-050,Transversal / por asociar,"La disponibilidad aproximada debe actualizarse con inventario, producción y pedidos.",Pendiente de validar,Sin asignar,Sin verificar,
RN,RN-051,Transversal / por asociar,Nueva producción puede incrementar dinámicamente el ETA.,Pendiente de validar,Sin asignar,Sin verificar,
RN,RN-052,Transversal / por asociar,El inicio del servicio puede tener capacidad reducida por producciones pendientes.,Pendiente de validar,Sin asignar,Sin verificar,
RN,RN-053,Transversal / por asociar,La disponibilidad mostrada al cliente puede ser menos detallada que la del personal.,Pendiente de validar,Sin asignar,Sin verificar,
RN,RN-054,Transversal / por asociar,Los productos no disponibles pueden ocultarse del menú del cliente.,Pendiente de validar,Sin asignar,Sin verificar,
RN,RN-055,Transversal / por asociar,Los estados operativos pueden activarse por horario o manualmente por personal autorizado.,Pendiente de validar,Sin asignar,Sin verificar,
RN,RN-056,Transversal / por asociar,Un artículo enviado a cocina no debe borrarse físicamente del historial.,Pendiente de validar,Sin asignar,Sin verificar,
RN,RN-057,Transversal / por asociar,"Un artículo anulado deja de formar parte del importe cobrable, pero conserva trazabilidad.",Pendiente de validar,Sin asignar,Sin verificar,
RN,RN-058,Transversal / por asociar,Un cambio debe relacionar el artículo original con su reemplazo.,Pendiente de validar,Sin asignar,Sin verificar,
RN,RN-059,Transversal / por asociar,Toda modificación posterior al envío a cocina debe generar actualización de comanda.,Pendiente de validar,Sin asignar,Sin verificar,
RN,RN-060,Transversal / por asociar,La actualización puede ser parcial o completa según criterio del personal.,Pendiente de validar,Sin asignar,Sin verificar,
RN,RN-061,Transversal / por asociar,Una comanda completa actualizada debe indicar que sustituye la versión anterior.,Pendiente de validar,Sin asignar,Sin verificar,
RN,RN-062,Transversal / por asociar,Las comandas deben manejar revisión/versionado.,Pendiente de validar,Sin asignar,Sin verificar,
RN,RN-063,Transversal / por asociar,"Si un artículo ya está siendo preparado, el personal decide si el cambio es posible.",Pendiente de validar,Sin asignar,Sin verificar,
RN,RN-064,Transversal / por asociar,Una anulación con insumos ya consumidos puede generar merma independiente del cobro.,Pendiente de validar,Sin asignar,Sin verificar,
RN,RN-065,Transversal / por asociar,No se debe aceptar una reservación presencial posterior al último horario válido de ingreso.,Pendiente de validar,Sin asignar,Sin verificar,
RN,RN-066,Transversal / por asociar,"Si se solicita una hora posterior, el sistema debe proponer la última alternativa válida.",Pendiente de validar,Sin asignar,Sin verificar,
RN,RN-067,Transversal / por asociar,Una reservación tardía puede requerir preorden completa.,Pendiente de validar,Sin asignar,Sin verificar,
RN,RN-068,Transversal / por asociar,Una reservación tardía debe informar el horario de cierre.,Pendiente de validar,Sin asignar,Sin verificar,
RN,RN-069,Transversal / por asociar,"La aceptación final de una reserva tardía considera carga, tamaño de pedido y tiempo restante.",Pendiente de validar,Sin asignar,Sin verificar,
RN,RN-070,Transversal / por asociar,"El sistema no crea promociones, descuentos o combos sin configuración/autorización explícita.",Pendiente de validar,Sin asignar,Sin verificar,
RN,RN-071,Transversal / por asociar,Cada producto del menú debe estar asociado a un área de preparación o despacho.,Pendiente de validar,Sin asignar,Sin verificar,
RN,RN-072,Transversal / por asociar,Cada comanda debe contener únicamente productos del área receptora.,Pendiente de validar,Sin asignar,Sin verificar,
RN,RN-073,Transversal / por asociar,Un cambio entre áreas genera anulación en el área original y adición en el área nueva.,Pendiente de validar,Sin asignar,Sin verificar,
RN,RN-074,Transversal / por asociar,Solo pueden seleccionarse extras y modificaciones configurados como válidos para el producto.,Pendiente de validar,Sin asignar,Sin verificar,
RN,RN-075,Transversal / por asociar,Los pedidos especiales fuera de menú requieren autorización.,Pendiente de validar,Sin asignar,Sin verificar,
RN,RN-076,Transversal / por asociar,"Una preparación no cobrada debe clasificarse como corresponda: anulación, cortesía, consumo interno, merma o cargo al personal.",Pendiente de validar,Sin asignar,Sin verificar,
RN,RN-077,Transversal / por asociar,La propina sugerida aplica únicamente a consumo en mesa.,Pendiente de validar,Sin asignar,Sin verificar,
RN,RN-078,Transversal / por asociar,La propina debe mantenerse separada de los ingresos por venta.,Pendiente de validar,Sin asignar,Sin verificar,
RN,RN-079,Transversal / por asociar,Las comisiones de medios de pago se registran separadamente.,Pendiente de validar,Sin asignar,Sin verificar,
RN,RN-080,Transversal / por asociar,Una reservación puede tener hora de llegada y hora objetivo de servicio distintas.,Pendiente de validar,Sin asignar,Sin verificar,
RN,RN-081,Transversal / por asociar,Las ampliaciones posteriores de un pedido pueden tener ETA independiente.,Pendiente de validar,Sin asignar,Sin verificar,
RN,RN-082,Transversal / por asociar,Cocina puede alterar el orden sugerido de preparación por criterio operativo.,Pendiente de validar,Sin asignar,Sin verificar,
RN,RN-083,Transversal / por asociar,"Una lista de compras debe registrar cantidad solicitada, comprada y pendiente.",Pendiente de validar,Sin asignar,Sin verificar,
RN,RN-084,Transversal / por asociar,Registrar una compra no incrementa inventario hasta que sea recibida/ingresada.,Pendiente de validar,Sin asignar,Sin verificar,
RN,RN-085,Transversal / por asociar,Las producciones pueden registrar tiempos activos y pasivos.,Pendiente de validar,Sin asignar,Sin verificar,
RN,RN-086,Transversal / por asociar,Los productos perecederos pueden manejarse mediante lotes con fechas de caducidad.,Pendiente de validar,Sin asignar,Sin verificar,
RN,RN-087,Transversal / por asociar,El sistema debe conservar la versión histórica de receta utilizada.,Pendiente de validar,Sin asignar,Sin verificar,
RN,RN-088,Transversal / por asociar,"Durante indisponibilidad online, solicitudes no confirmadas no se convierten automáticamente en pedidos.",Pendiente de validar,Sin asignar,Sin verificar,
RN,RN-089,Transversal / por asociar,La disponibilidad confirmada debe reservarse atómicamente para evitar sobreventa concurrente.,Pendiente de validar,Sin asignar,Sin verificar,
RN,RN-090,Transversal / por asociar,"En solicitudes concurrentes sobre stock insuficiente, tiene prioridad la primera transacción confirmada.",Pendiente de validar,Sin asignar,Sin verificar,
RN,RN-091,Transversal / por asociar,"Agregar productos al carrito no reserva stock, salvo configuración expresa.",Pendiente de validar,Sin asignar,Sin verificar,
RN,RN-092,Transversal / por asociar,"La disponibilidad considera stock físico, reservado y comprometido.",Pendiente de validar,Sin asignar,Sin verificar,
RN,RN-093,Transversal / por asociar,Cancelar un pedido no preparado libera sus reservas de recursos.,Pendiente de validar,Sin asignar,Sin verificar,
RN,RN-094,Transversal / por asociar,Recursos ya consumidos no regresan al inventario solo por anulación económica.,Pendiente de validar,Sin asignar,Sin verificar,
RN,RN-095,Transversal / por asociar,La capacidad de un platillo puede depender de recursos compartidos con otros.,Pendiente de validar,Sin asignar,Sin verificar,
RN,RN-096,Transversal / por asociar,Pedidos de volumen extraordinario pueden requerir confirmación humana.,Pendiente de validar,Sin asignar,Sin verificar,
RN,RN-097,Transversal / por asociar,Confirmar un pedido requiere disponibilidad material y capacidad operativa.,Pendiente de validar,Sin asignar,Sin verificar,
RN,RN-098,Transversal / por asociar,Una solicitud online recibida durante indisponibilidad puede mantenerse pendiente si el cliente lo acepta.,Pendiente de validar,Sin asignar,Sin verificar,
RN,RN-099,Transversal / por asociar,Solicitudes pendientes deben revalidarse antes de convertirse en pedidos.,Pendiente de validar,Sin asignar,Sin verificar,
RN,RN-100,Transversal / por asociar,Recuperar conectividad no convierte automáticamente solicitudes pendientes en pedidos.,Pendiente de validar,Sin asignar,Sin verificar,
RN,RN-101,Transversal / por asociar,La inexistencia de preproducción no implica indisponibilidad si existen recursos y tiempo suficiente para producir desde cero.,Pendiente de validar,Sin asignar,Sin verificar,
RN,RN-102,Transversal / por asociar,"Cuando un platillo requiere nueva producción, su ETA considera tiempo de producción, carga y preparación final.",Pendiente de validar,Sin asignar,Sin verificar,
RN,RN-103,Transversal / por asociar,Personal autorizado puede aceptar o rechazar una nueva producción sugerida.,Pendiente de validar,Sin asignar,Sin verificar,
RN,RN-104,Transversal / por asociar,La decisión de producir considera la hora y el tiempo restante de servicio.,Pendiente de validar,Sin asignar,Sin verificar,
RN,RN-105,Transversal / por asociar,"No debe recomendarse una producción cuya finalización sea operativamente inconveniente respecto al cierre, salvo autorización.",Pendiente de validar,Sin asignar,Sin verificar,
RN,RN-106,Transversal / por asociar,"Al suspender una producción crítica, los productos dependientes actualizan automáticamente su disponibilidad.",Pendiente de validar,Sin asignar,Sin verificar,
RN,RN-107,Transversal / por asociar,El sistema puede ofrecer alternativas que usen producciones todavía disponibles.,Pendiente de validar,Sin asignar,Sin verificar,
RN,RN-108,Transversal / por asociar,Una solicitud online no es un pedido confirmado hasta ser aceptada.,Pendiente de validar,Sin asignar,Sin verificar,
RN,RN-109,Transversal / por asociar,La atención presencial tiene prioridad operativa sobre solicitudes remotas pendientes.,Pendiente de validar,Sin asignar,Sin verificar,
RN,RN-110,Transversal / por asociar,Una solicitud remota puede mantenerse en espera por decisión del cliente.,Pendiente de validar,Sin asignar,Sin verificar,
RN,RN-111,Transversal / por asociar,"Antes de aceptar una solicitud en espera se revalidan disponibilidad, carga, horario y ETA.",Pendiente de validar,Sin asignar,Sin verificar,
RN,RN-112,Transversal / por asociar,El restaurante puede suspender temporalmente pedidos online por alta demanda.,Pendiente de validar,Sin asignar,Sin verificar,
RN,RN-113,Transversal / por asociar,"Una cuenta eliminada pierde acceso, pero su histórico puede permanecer archivado según política.",Pendiente de validar,Sin asignar,Sin verificar,
RN,RN-114,Transversal / por asociar,Una nueva cuenta posterior a eliminación voluntaria no recupera automáticamente preferencias ni datos visibles antiguos.,Pendiente de validar,Sin asignar,Sin verificar,
RN,RN-115,Transversal / por asociar,Una cuenta suspendida debe diferenciarse de una eliminada voluntariamente.,Pendiente de validar,Sin asignar,Sin verificar,
RN,RN-116,Transversal / por asociar,Una nueva cuenta asociada a identidad suspendida puede requerir revisión autorizada.,Pendiente de validar,Sin asignar,Sin verificar,
RN,RN-117,Transversal / por asociar,El propietario/encargado o usuarios con permiso específico pueden cerrar total o parcialmente servicios.,Pendiente de validar,Sin asignar,Sin verificar,
RN,RN-118,Transversal / por asociar,"Los permisos de cierre pueden diferenciar local, recoger, online, delivery u otras capacidades.",Pendiente de validar,Sin asignar,Sin verificar,
RN,RN-119,Transversal / por asociar,Usuarios con permiso pueden marcar productos no disponibles manualmente.,Pendiente de validar,Sin asignar,Sin verificar,
RN,RN-120,Transversal / por asociar,"Todo cierre, suspensión u override de producto debe registrar usuario, fecha/hora y motivo.",Pendiente de validar,Sin asignar,Sin verificar,
RN,RN-121,Transversal / por asociar,La reactivación de un producto suspendido manualmente requiere permiso correspondiente.,Pendiente de validar,Sin asignar,Sin verificar,
RN,RN-122,Transversal / por asociar,El sistema debe distinguir disponibilidad calculada de disponibilidad publicada.,Pendiente de validar,Sin asignar,Sin verificar,
RN,RN-123,Transversal / por asociar,Un producto manualmente suspendido no debe mostrarse como vendible aunque el cálculo automático indique existencias.,Pendiente de validar,Sin asignar,Sin verificar,
RN,RN-124,Transversal / por asociar,El sistema puede mantener visible internamente la causa del agotamiento o suspensión.,Pendiente de validar,Sin asignar,Sin verificar,
RN,RN-125,Transversal / por asociar,Los artículos antes de confirmar un pedido pueden agregarse o quitarse sin generar una anulación histórica formal.,Pendiente de validar,Sin asignar,Sin verificar,
RN,RN-126,Transversal / por asociar,"Una vez comandado, retirar un artículo debe registrarse como anulación o cambio.",Pendiente de validar,Sin asignar,Sin verificar,
RN,RN-127,Transversal / por asociar,Una reimpresión no crea un nuevo pedido.,Pendiente de validar,Sin asignar,Sin verificar,
RN,RN-128,Transversal / por asociar,Las reimpresiones deben identificarse claramente.,Pendiente de validar,Sin asignar,Sin verificar,
RN,RN-129,Transversal / por asociar,Un fallo de impresión no implica fallo del pedido si el registro digital fue confirmado.,Pendiente de validar,Sin asignar,Sin verificar,
RN,RN-130,Transversal / por asociar,El KDS o log digital puede utilizarse como respaldo ante fallo de impresión.,Pendiente de validar,Sin asignar,Sin verificar,
RN,RN-131,Transversal / por asociar,La propina sugerida se calcula con el porcentaje configurado y la regla de redondeo definida.,Pendiente de validar,Sin asignar,Sin verificar,
RN,RN-132,Transversal / por asociar,La propina es opcional.,Pendiente de validar,Sin asignar,Sin verificar,
RN,RN-133,Transversal / por asociar,El cierre debe separar propina por método de pago.,Pendiente de validar,Sin asignar,Sin verificar,
RN,RN-134,Transversal / por asociar,"Si existe comisión sobre propina de tarjeta, se calcula separadamente.",Pendiente de validar,Sin asignar,Sin verificar,
RN,RN-135,Transversal / por asociar,Un descuento excepcional debe requerir permiso.,Pendiente de validar,Sin asignar,Sin verificar,
RN,RN-136,Transversal / por asociar,Una cortesía debe quedar diferenciada de un descuento.,Pendiente de validar,Sin asignar,Sin verificar,
RN,RN-137,Transversal / por asociar,"Los pagos para recoger pueden realizarse antes o al recibir, según métodos habilitados.",Pendiente de validar,Sin asignar,Sin verificar,
RN,RN-138,Transversal / por asociar,El pago del delivery externo no debe mezclarse con el ingreso del restaurante si es cobrado por terceros.,Pendiente de validar,Sin asignar,Sin verificar,
RN,RN-139,Transversal / por asociar,Las compras pueden provenir de varios proveedores para un mismo producto.,Pendiente de validar,Sin asignar,Sin verificar,
RN,RN-140,Transversal / por asociar,Una lista de compras puede completarse parcialmente.,Pendiente de validar,Sin asignar,Sin verificar,
RN,RN-141,Transversal / por asociar,"El historial de compras debe conservar proveedor, cantidad, fecha y precio cuando se disponga.",Pendiente de validar,Sin asignar,Sin verificar,
RN,RN-142,Transversal / por asociar,"El sistema puede sugerir proveedor, pero no comprar automáticamente.",Pendiente de validar,Sin asignar,Sin verificar,
RN,RN-143,Transversal / por asociar,"Una lista de producción sugerida funciona como apoyo, no como obligación automática.",Pendiente de validar,Sin asignar,Sin verificar,
RN,RN-144,Transversal / por asociar,Las recomendaciones de productos al cliente no implican promociones.,Pendiente de validar,Sin asignar,Sin verificar,
RN,RN-145,Transversal / por asociar,Productos más pedidos pueden mostrarse como recomendación sin alterar precio.,Pendiente de validar,Sin asignar,Sin verificar,
RT,RT-001,Transversal / por asociar,Las operaciones críticas deben ser idempotentes.,Pendiente de validar,Sin asignar,Sin verificar,
RT,RT-002,Transversal / por asociar,Cada creación de pedido debe usar un identificador único de operación.,Pendiente de validar,Sin asignar,Sin verificar,
RT,RT-003,Transversal / por asociar,Cada modificación de pedido debe usar un identificador único independiente.,Pendiente de validar,Sin asignar,Sin verificar,
RT,RT-004,Transversal / por asociar,Las operaciones críticas deben ejecutarse en transacciones ACID.,Pendiente de validar,Sin asignar,Sin verificar,
RT,RT-005,Transversal / por asociar,La reserva de inventario debe usar control de concurrencia pesimista cuando exista riesgo de sobreventa.,Pendiente de validar,Sin asignar,Sin verificar,
RT,RT-006,Transversal / por asociar,El bloqueo pesimista debe mantenerse durante la transacción y no durante el tiempo de navegación del cliente.,Pendiente de validar,Sin asignar,Sin verificar,
RT,RT-007,Transversal / por asociar,Los recursos múltiples deben bloquearse en orden determinista para reducir deadlocks.,Pendiente de validar,Sin asignar,Sin verificar,
RT,RT-008,Transversal / por asociar,Los deadlocks o fallos transitorios deben admitir reintento seguro.,Pendiente de validar,Sin asignar,Sin verificar,
RT,RT-009,Transversal / por asociar,"La idempotencia debe impedir que un reintento duplique pedidos, pagos o movimientos.",Pendiente de validar,Sin asignar,Sin verificar,
RT,RT-010,Transversal / por asociar,La confirmación al cliente solo se muestra después del commit exitoso.,Pendiente de validar,Sin asignar,Sin verificar,
RT,RT-011,Transversal / por asociar,Las actualizaciones concurrentes de entidades editables deben usar control de versión para evitar sobrescritura silenciosa.,Pendiente de validar,Sin asignar,Sin verificar,
RT,RT-012,Transversal / por asociar,El sistema debe diferenciar el procesamiento del pedido del trabajo de impresión.,Pendiente de validar,Sin asignar,Sin verificar,
RT,RT-013,Transversal / por asociar,Un fallo de impresión no debe reprocesar el pedido.,Pendiente de validar,Sin asignar,Sin verificar,
RT,RT-014,Transversal / por asociar,Las reimpresiones deben operar sobre el mismo pedido y quedar auditadas.,Pendiente de validar,Sin asignar,Sin verificar,
RT,RT-015,Transversal / por asociar,"El sistema debe conservar logs de operaciones, errores e impresiones.",Pendiente de validar,Sin asignar,Sin verificar,
RT,RT-016,Transversal / por asociar,La operación local debe continuar ante pérdida de Internet externo si la LAN y el servidor interno continúan disponibles.,Pendiente de validar,Sin asignar,Sin verificar,
RT,RT-017,Transversal / por asociar,"La caída de integraciones externas no debe detener mesas, caja, cocina, inventario ni KDS local.",Pendiente de validar,Sin asignar,Sin verificar,
RT,RT-018,Transversal / por asociar,Los canales remotos deben poder pasar a modo degradado o suspendido.,Pendiente de validar,Sin asignar,Sin verificar,
RT,RT-019,Transversal / por asociar,Las solicitudes externas pendientes no deben aceptarse retroactivamente sin revalidación.,Pendiente de validar,Sin asignar,Sin verificar,
RT,RT-020,Transversal / por asociar,Debe existir un mecanismo externo o relay si se desea informar al cliente aun cuando el servidor interno pierda conectividad a Internet.,Pendiente de validar,Sin asignar,Sin verificar,
RT,RT-021,Transversal / por asociar,Las integraciones externas deben usar timeout.,Pendiente de validar,Sin asignar,Sin verificar,
RT,RT-022,Transversal / por asociar,Las integraciones externas deben usar aislamiento de fallos/circuit breaker o mecanismo equivalente.,Pendiente de validar,Sin asignar,Sin verificar,
RT,RT-023,Transversal / por asociar,"El fallo de WhatsApp, Instagram u otra integración no debe bloquear el core operacional.",Pendiente de validar,Sin asignar,Sin verificar,
RT,RT-024,Transversal / por asociar,"El sistema debe soportar colas para desacoplar tareas de mensajería, IA, notificaciones e impresión cuando corresponda.",Pendiente de validar,Sin asignar,Sin verificar,
RT,RT-025,Transversal / por asociar,Debe existir backpressure o control de presión ante alta tasa de solicitudes.,Pendiente de validar,Sin asignar,Sin verificar,
RT,RT-026,Transversal / por asociar,El sistema debe soportar alta concurrencia sin sobreventa.,Pendiente de validar,Sin asignar,Sin verificar,
RT,RT-027,Transversal / por asociar,El inventario disponible debe derivarse de stock físico menos reservas/compromisos vigentes.,Pendiente de validar,Sin asignar,Sin verificar,
RT,RT-028,Transversal / por asociar,Las reservas de recursos compartidos deben ser atómicas.,Pendiente de validar,Sin asignar,Sin verificar,
RT,RT-029,Transversal / por asociar,El motor de disponibilidad debe considerar dependencias recursivas de recetas/producciones.,Pendiente de validar,Sin asignar,Sin verificar,
RT,RT-030,Transversal / por asociar,La disponibilidad potencial no debe sumar dos veces el mismo recurso compartido.,Pendiente de validar,Sin asignar,Sin verificar,
RT,RT-031,Transversal / por asociar,"Los cálculos de disponibilidad y ETA deben poder invalidarse/recalcularse ante cambios de inventario, producción o carga.",Pendiente de validar,Sin asignar,Sin verificar,
RT,RT-032,Transversal / por asociar,"Los clientes web, móvil y escritorio deben consumir una API coherente.",Pendiente de validar,Sin asignar,Sin verificar,
RT,RT-033,Transversal / por asociar,"Los permisos deben validarse en backend, no únicamente en interfaz.",Pendiente de validar,Sin asignar,Sin verificar,
RT,RT-034,Transversal / por asociar,Todo registro público debe recibir exclusivamente privilegios de cliente.,Pendiente de validar,Sin asignar,Sin verificar,
RT,RT-035,Transversal / por asociar,Los roles operativos solo pueden asignarse desde una interfaz administrativa autorizada.,Pendiente de validar,Sin asignar,Sin verificar,
RT,RT-036,Transversal / por asociar,El LLM no debe acceder directamente a la base de datos.,Pendiente de validar,Sin asignar,Sin verificar,
RT,RT-037,Transversal / por asociar,El LLM solo puede usar herramientas/APIs permitidas.,Pendiente de validar,Sin asignar,Sin verificar,
RT,RT-038,Transversal / por asociar,El contexto de cada conversación debe estar aislado por sesión/cliente/canal.,Pendiente de validar,Sin asignar,Sin verificar,
RT,RT-039,Transversal / por asociar,El sistema debe evitar mezclar respuestas entre usuarios concurrentes.,Pendiente de validar,Sin asignar,Sin verificar,
RT,RT-040,Transversal / por asociar,El servidor LLM debe poder usar cola o batching cuando exista alta carga.,Pendiente de validar,Sin asignar,Sin verificar,
RT,RT-041,Transversal / por asociar,Consultas simples deben resolverse por lógica o plantillas cuando no sea necesario usar LLM.,Pendiente de validar,Sin asignar,Sin verificar,
RT,RT-042,Transversal / por asociar,"Debe existir trazabilidad de usuario, fecha y operación para acciones sensibles.",Pendiente de validar,Sin asignar,Sin verificar,
RT,RT-043,Transversal / por asociar,"La auditoría debe distinguir creación, modificación, anulación, cambio, reimpresión y corrección de pago.",Pendiente de validar,Sin asignar,Sin verificar,
RT,RT-044,Transversal / por asociar,El sistema debe conservar histórico suficiente para reconstruir la evolución de un pedido.,Pendiente de validar,Sin asignar,Sin verificar,
RT,RT-045,Transversal / por asociar,Los cambios de receta deben usar versionado.,Pendiente de validar,Sin asignar,Sin verificar,
RT,RT-046,Transversal / por asociar,Las entidades anuladas o reemplazadas no deben eliminarse físicamente si afectan auditoría o contabilidad.,Pendiente de validar,Sin asignar,Sin verificar,
RT,RT-047,Transversal / por asociar,El sistema debe separar estado operativo del pedido y estado financiero.,Pendiente de validar,Sin asignar,Sin verificar,
RT,RT-048,Transversal / por asociar,El KDS debe seguir siendo usable aunque una impresora falle.,Pendiente de validar,Sin asignar,Sin verificar,
RT,RT-049,Transversal / por asociar,La impresión debe enrutar tickets por área.,Pendiente de validar,Sin asignar,Sin verificar,
RT,RT-050,Transversal / por asociar,Una actualización parcial debe llegar solo a las áreas afectadas.,Pendiente de validar,Sin asignar,Sin verificar,
RT,RT-051,Transversal / por asociar,Una comanda completa revisada debe llevar número de revisión y aviso de sustitución.,Pendiente de validar,Sin asignar,Sin verificar,
RT,RT-052,Transversal / por asociar,El sistema debe prevenir impresiones duplicadas causadas por reintentos de red.,Pendiente de validar,Sin asignar,Sin verificar,
RT,RT-053,Transversal / por asociar,Cada trabajo de impresión debe tener identificador propio.,Pendiente de validar,Sin asignar,Sin verificar,
RT,RT-054,Transversal / por asociar,"El sistema debe soportar tres contextos principales de interfaz: Cliente, Operativo y Administrativo.",Pendiente de validar,Sin asignar,Sin verificar,
RT,RT-055,Transversal / por asociar,Las funciones visibles dentro del portal operativo deben depender de permisos.,Pendiente de validar,Sin asignar,Sin verificar,
RT,RT-056,Transversal / por asociar,Un usuario con varios roles puede ver la unión de las capacidades permitidas.,Pendiente de validar,Sin asignar,Sin verificar,
RT,RT-057,Transversal / por asociar,La interfaz debe mostrar estados críticos sin depender únicamente de color.,Pendiente de validar,Sin asignar,Sin verificar,
RT,RT-058,Transversal / por asociar,"El diseño de KDS debe priorizar legibilidad, tiempos y cambios.",Pendiente de validar,Sin asignar,Sin verificar,
RT,RT-059,Transversal / por asociar,El portal cliente debe usar estados de disponibilidad simplificados.,Pendiente de validar,Sin asignar,Sin verificar,
RT,RT-060,Transversal / por asociar,El portal operativo puede mostrar cifras aproximadas de disponibilidad más detalladas.,Pendiente de validar,Sin asignar,Sin verificar,
RT,RT-061,Transversal / por asociar,"El portal administrativo debe permitir configuración sin hardcodear horarios, propina, tolerancias ni cierres especiales.",Pendiente de validar,Sin asignar,Sin verificar,
RT,RT-062,Transversal / por asociar,El sistema debe poder registrar lotes y fechas de caducidad.,Pendiente de validar,Sin asignar,Sin verificar,
RT,RT-063,Transversal / por asociar,El sistema debe poder sugerir FEFO para productos perecederos.,Pendiente de validar,Sin asignar,Sin verificar,
RT,RT-064,Transversal / por asociar,"El sistema debe diferenciar stock físico, reservado, disponible y conteo físico.",Pendiente de validar,Sin asignar,Sin verificar,
RT,RT-065,Transversal / por asociar,Los ajustes de inventario deben quedar auditados.,Pendiente de validar,Sin asignar,Sin verificar,
RT,RT-066,Transversal / por asociar,"Los datos de clientes deben contar con estados como activo, eliminado y suspendido.",Pendiente de validar,Sin asignar,Sin verificar,
RT,RT-067,Transversal / por asociar,Eliminar una cuenta debe revocar acceso y sesiones.,Pendiente de validar,Sin asignar,Sin verificar,
RT,RT-068,Transversal / por asociar,Una cuenta nueva posterior a eliminación voluntaria debe iniciar un perfil funcional nuevo.,Pendiente de validar,Sin asignar,Sin verificar,
RT,RT-069,Transversal / por asociar,Las restricciones internas deben mantenerse separadas del perfil público del cliente.,Pendiente de validar,Sin asignar,Sin verificar,
RT,RT-070,Transversal / por asociar,"La asociación entre WhatsApp, Instagram y cuenta interna debe requerir identidad confirmada.",Pendiente de validar,Sin asignar,Sin verificar,
RT,RT-071,Transversal / por asociar,La arquitectura debe permitir degradación parcial de servicios.,Pendiente de validar,Sin asignar,Sin verificar,
RT,RT-072,Transversal / por asociar,El core operacional debe priorizar consistencia por encima de disponibilidad cuando exista riesgo de sobreventa o cobro duplicado.,Pendiente de validar,Sin asignar,Sin verificar,
RT,RT-073,Transversal / por asociar,El sistema debe poder escalar las tareas de IA/mensajería sin bloquear pedidos.,Pendiente de validar,Sin asignar,Sin verificar,
RT,RT-074,Transversal / por asociar,"Las tareas pesadas de IA, reportes o visión no deben bloquear las transacciones críticas del restaurante.",Pendiente de validar,Sin asignar,Sin verificar,
RT,RT-075,Transversal / por asociar,"El sistema debe registrar métricas de carga, latencia, errores y fallos de integraciones.",Pendiente de validar,Sin asignar,Sin verificar,
RT,RT-076,Transversal / por asociar,Deben existir mecanismos de recuperación ante reinicio del servidor sin duplicar operaciones ya confirmadas.,Pendiente de validar,Sin asignar,Sin verificar,
